Name,Image
Affenpinscher,https://www.akc.org/wp-content/uploads/2017/11/Affenpinscher-running-outdoors-400x267.jpg
Afghan Hound,https://s3.amazonaws.com/cdn-origin-etr.akc.org/wp-content/uploads/2017/11/02151216/Afghan-Hound-standing-in-a-garden-400x267.jpg
Airedale Terrier,https://s3.amazonaws.com/cdn-origin-etr.akc.org/wp-content/uploads/2017/11/02165956/Airedale-Terrier-standing-stacked-outdoors-400x267.jpg
Akita,https://s3.amazonaws.com/cdn-origin-etr.akc.org/wp-content/uploads/2017/11/06154034/Akita-standing-outdoors-in-the-summer-400x267.jpg
Alaskan Malamute,https://s3.amazonaws.com/cdn-origin-etr.akc.org/wp-content/uploads/2017/11/09151144/Alaskan-Malamute-standing-in-the-grass1-400x267.jpg
American Bulldog,https://www.akc.org/wp-content/uploads/2020/01/American-Bulldog-standing-in-three-quarter-view-400x267.jpg
American English Coonhound,https://s3.amazonaws.com/cdn-origin-etr.akc.org/wp-content/uploads/2017/11/12133501/American-English-Coonhound-howling-in-a-field1-400x267.jpg
American Eskimo Dog,https://s3.amazonaws.com/cdn-origin-etr.akc.org/wp-content/uploads/2017/11/12153852/American-Eskimo-Dog-standing-in-the-grass-in-bright-sunlight-400x267.jpg
American Foxhound,https://www.akc.org/wp-content/themes/akc/component-library/assets/img/1x1.trans.gif
American Hairless Terrier,https://www.akc.org/wp-content/themes/akc/component-library/assets/img/1x1.trans.gif
American Leopard Hound,https://www.akc.org/wp-content/themes/akc/component-library/assets/img/1x1.trans.gif
American Staffordshire Terrier,https://www.akc.org/wp-content/uploads/2017/11/AmStaff.01-400x267.jpg
American Water Spaniel,https://www.akc.org/wp-content/uploads/2017/11/American-Water-Spaniel.1-400x267.jpg
Anatolian Shepherd Dog,https://www.akc.org/wp-content/uploads/2017/11/Anatolian-Shepherd-Dog-On-White-01-400x267.jpg
Appenzeller Sennenhund,https://www.akc.org/wp-content/themes/akc/component-library/assets/img/1x1.trans.gif
Australian Cattle Dog,https://www.akc.org/wp-content/themes/akc/component-library/assets/img/1x1.trans.gif
Australian Kelpie,https://www.akc.org/wp-content/themes/akc/component-library/assets/img/1x1.trans.gif
Australian Shepherd,https://www.akc.org/wp-content/uploads/2017/11/Australian-Shepherd.1-400x267.jpg
Australian Stumpy Tail Cattle Dog,https://www.akc.org/wp-content/uploads/2018/07/Australian-Stumpy-Tail-Cattle-Dog-Slideshow-04-400x267.jpg
Australian Terrier,https://www.akc.org/wp-content/uploads/2017/11/Australian-Terrier-standing-in-the-garden-400x267.jpg
Azawakh,https://www.akc.org/wp-content/themes/akc/component-library/assets/img/1x1.trans.gif
Barbet,https://www.akc.org/wp-content/themes/akc/component-library/assets/img/1x1.trans.gif
Basenji,https://www.akc.org/wp-content/uploads/2017/11/Basenji-running-through-a-field-400x267.jpg
Basset Fauve de Bretagne,https://www.akc.org/wp-content/uploads/2017/11/AdobeStock_23183632-400x267.jpg
Basset Hound,https://s3.amazonaws.com/cdn-origin-etr.akc.org/wp-content/uploads/2017/11/07200501/Basset-Hound-standing-in-the-garden-400x267.jpg
Bavarian Mountain Scent Hound,https://www.akc.org/wp-content/uploads/2017/11/Bavarian.190758538-400x267.jpg
Beagle,https://www.akc.org/wp-content/uploads/2017/11/Beagles-standing-in-a-frosty-field-on-a-cold-morning-400x267.jpg
Bearded Collie,https://www.akc.org/wp-content/uploads/2017/11/Bearded-Collie-standing-in-the-grass-400x267.jpg
Beauceron,https://www.akc.org/wp-content/uploads/2017/11/Beauceron-On-White-03-400x267.jpg
Bedlington Terrier,https://www.akc.org/wp-content/uploads/2017/11/Bedlington-Terrier-standing-outdoors-400x267.jpg
Belgian Laekenois,https://s3.amazonaws.com/cdn-origin-etr.akc.org/wp-content/uploads/2017/11/07122515/Belgian-Laekenois-standing-in-profile-in-a-field-400x267.jpg
Belgian Malinois,https://www.akc.org/wp-content/uploads/2017/11/Belgian-Malinois-On-White-01-400x267.jpg
Belgian Sheepdog,https://www.akc.org/wp-content/uploads/2017/11/Belgian-Sheepdog-standing-in-a-field-400x267.jpg
Belgian Tervuren,https://www.akc.org/wp-content/uploads/2017/11/Belgian-Tervuren.3-400x267.jpg
Bergamasco Sheepdog,https://www.akc.org/wp-content/uploads/2017/11/Bergamasco-Sheepdog-standing-in-a-field-in-the-mountains-400x267.jpg
Berger Picard,https://www.akc.org/wp-content/uploads/2017/11/Berger-Picard-standing-in-a-field-400x267.jpg
Bernese Mountain Dog,https://www.akc.org/wp-content/uploads/2017/11/Bernese-Mountain-Dog-On-White-01-400x267.jpg
Bichon Frise,https://www.akc.org/wp-content/uploads/2017/11/Bichon-Frise-On-White-03-400x267.jpg
Biewer Terrier,https://s3.amazonaws.com/cdn-origin-etr.akc.org/wp-content/uploads/2017/11/14124534/Biewer-Terrier-standing-on-a-white-background1-400x267.jpg
Black and Tan Coonhound,https://www.akc.org/wp-content/uploads/2017/11/Black-and-Tan-Coonhound-On-White-031-400x267.jpg
Black Russian Terrier,https://www.akc.org/wp-content/themes/akc/component-library/assets/img/1x1.trans.gif
Bloodhound,https://www.akc.org/wp-content/themes/akc/component-library/assets/img/1x1.trans.gif
Bluetick Coonhound,https://www.akc.org/wp-content/themes/akc/component-library/assets/img/1x1.trans.gif
Boerboel,https://www.akc.org/wp-content/uploads/2017/11/Boerboel-On-White-01-400x267.jpg
Bohemian Shepherd,https://s3.amazonaws.com/cdn-origin-etr.akc.org/wp-content/uploads/2019/06/22143655/Bohemian-Shepherd-standing-in-profile-in-a-field-of-tall-brown-grasses-400x267.jpg
Bolognese,https://s3.amazonaws.com/cdn-origin-etr.akc.org/wp-content/uploads/2017/11/24113349/Bolognese-standing-in-profile-outdoors-400x267.jpg
Border Collie,https://www.akc.org/wp-content/uploads/2017/11/Border-Collie-On-White-01-400x267.jpg
Border Terrier,https://www.akc.org/wp-content/uploads/2017/11/Border-Terrier-On-White-03-400x267.jpg
Borzoi,https://www.akc.org/wp-content/uploads/2017/11/Borzoi-running-outdoors-400x267.jpg
Boston Terrier,https://www.akc.org/wp-content/themes/akc/component-library/assets/img/1x1.trans.gif
Bouvier des Flandres,https://www.akc.org/wp-content/themes/akc/component-library/assets/img/1x1.trans.gif
Boxer,https://www.akc.org/wp-content/themes/akc/component-library/assets/img/1x1.trans.gif
Boykin Spaniel,https://www.akc.org/wp-content/uploads/2017/11/Boykin-Spaniel-holding-a-dummy-toy-400x267.jpg
Bracco Italiano,https://www.akc.org/wp-content/uploads/2017/11/Bracco.7-400x267.jpg
Braque du Bourbonnais,https://www.akc.org/wp-content/uploads/2017/11/Bourbonnais-400x267.jpg
Braque Francais Pyrenean,https://www.akc.org/wp-content/uploads/2017/11/Braque-Francais-Pyrenean-400x267.jpg
Briard,https://www.akc.org/wp-content/uploads/2017/11/Briard-standing-in-the-grass-400x267.jpg
Brittany,https://www.akc.org/wp-content/uploads/2017/11/Brittany-1-400x267.jpg
Broholmer,https://s3.amazonaws.com/cdn-origin-etr.akc.org/wp-content/uploads/2017/11/11110117/Broholmer-laying-down-in-the-park-400x267.jpg
Brussels Griffon,https://www.akc.org/wp-content/uploads/2017/11/Brussels-Griffon-sitting-outdoors-400x267.jpg
Bull Terrier,https://www.akc.org/wp-content/uploads/2017/11/bull-terrier-on-white-10-400x267.jpg
Bulldog,https://www.akc.org/wp-content/uploads/2017/11/Bulldog-standing-in-the-grass-400x267.jpg
Bullmastiff,https://www.akc.org/wp-content/uploads/2017/11/Bullmastiff-standing-in-a-field-400x267.jpg
Cairn Terrier,https://www.akc.org/wp-content/uploads/2017/11/Cairn-Terrier-sitting-in-the-grass-400x267.jpg
Canaan Dog,https://www.akc.org/wp-content/uploads/2017/11/Canaan-Dog-On-White-01-400x267.jpg
Cane Corso,https://www.akc.org/wp-content/uploads/2017/11/Cane-Corso-AKC-121516-296-400x267.jpg
Cardigan Welsh Corgi,https://www.akc.org/wp-content/uploads/2017/11/Cardigan-Welsh-Corgi-on-White-111-400x267.jpg
Carolina Dog,https://www.akc.org/wp-content/uploads/2017/11/Carolina-Dog-standing-outdoors-400x267.jpg
Catahoula Leopard Dog,https://www.akc.org/wp-content/uploads/2017/11/Catahoula-Leopard-Dog-on-White-02-400x267.jpg
Caucasian Shepherd Dog,https://www.akc.org/wp-content/uploads/2017/11/GettyImages-1095398138-400x267.jpg
Cavalier King Charles Spaniel,https://www.akc.org/wp-content/uploads/2017/11/Cavalier-King-Charles-Spaniel-standing-in-the-grass-400x267.jpg
Central Asian Shepherd Dog,https://www.akc.org/wp-content/uploads/2017/11/Central-Asian-Shepherd-Dog-on-White-02-400x267.jpg
Cesky Terrier,https://www.akc.org/wp-content/uploads/2017/11/Cesky-Terrier-on-White-011-400x267.jpg
Chesapeake Bay Retriever,https://www.akc.org/wp-content/uploads/2017/11/Chesapeake-Bay-Retriever-hunting-400x267.jpg
Chihuahua,https://www.akc.org/wp-content/uploads/2017/11/Chihuahua-standing-in-three-quarter-view-400x267.jpg
Chinese Crested,https://www.akc.org/wp-content/uploads/2017/11/Chinese-Crested-On-White-01-400x267.jpg
Chinese Shar-Pei,https://www.akc.org/wp-content/uploads/2017/11/Chinese-Shar-Pei-standing-on-the-sidewalk-400x267.jpg
Chinook,https://www.akc.org/wp-content/uploads/2017/11/Chinook-On-White-03-400x267.jpg
Chow Chow,https://www.akc.org/wp-content/uploads/2017/11/Chow-Chow-On-White-01-400x267.jpg
Cirneco dellâ€™Etna,https://s3.amazonaws.com/cdn-origin-etr.akc.org/wp-content/uploads/2017/11/27154244/Cirneco-dellEtna-hunting-400x267.jpg
Clumber Spaniel,https://www.akc.org/wp-content/uploads/2017/11/Clumber-Spaniel-On-White-011-400x267.jpg
Cocker Spaniel,https://www.akc.org/wp-content/uploads/2017/11/Cocker-Spaniel-running-in-the-yard-400x267.jpg
Collie,https://www.akc.org/wp-content/uploads/2017/11/Collie-standing-in-a-field-400x267.jpg
Coton de Tulear,https://s3.amazonaws.com/cdn-origin-etr.akc.org/wp-content/uploads/2017/11/20175536/Coton-de-Tulear-standing-in-the-grass-400x267.jpg
Croatian Sheepdog,https://www.akc.org/wp-content/uploads/2018/05/Croatian-Sheepdog-400x267.jpg
Curly-Coated Retriever,https://www.akc.org/wp-content/uploads/2017/11/Curly-Coated-Retriever-standing-stacked-in-a-field-at-sunset.20200418030641387-400x267.jpg
Czechoslovakian Vlcak,https://www.akc.org/wp-content/uploads/2017/11/Czechoslovakian-Vlcak.179296809-400x267.jpg
Dachshund,https://www.akc.org/wp-content/uploads/2017/11/Longhaired-Dachshund-standing-outdoors-400x267.jpg
Dalmatian,https://www.akc.org/wp-content/uploads/2017/11/Dalmatian-On-White-01-400x267.jpg
Dandie Dinmont Terrier,https://www.akc.org/wp-content/uploads/2017/11/Dandie-Dinmont-Terrier-slide-6-400x267.jpg
Danish-Swedish Farmdog,https://www.akc.org/wp-content/uploads/2017/11/Danish-Swedish-Farmdog-standing-outdoors-at-dusk-400x267.jpg
Deutscher Wachtelhund,https://www.akc.org/wp-content/uploads/2017/11/AdobeStock_1083293871-400x267.jpg
Doberman Pinscher,https://www.akc.org/wp-content/uploads/2017/11/Doberman-Pinscher-standing-outdoors-400x267.jpg
Dogo Argentino,https://www.akc.org/wp-content/uploads/2017/11/Dogo-Argentino-400x267.jpg
Dogue de Bordeaux,https://www.akc.org/wp-content/uploads/2017/11/Dogue-de-Bordeaux-On-White-03-400x267.jpg
Drentsche Patrijshond,https://www.akc.org/wp-content/themes/akc/component-library/assets/img/1x1.trans.gif
Drever,https://www.akc.org/wp-content/themes/akc/component-library/assets/img/1x1.trans.gif
Dutch Shepherd,https://www.akc.org/wp-content/themes/akc/component-library/assets/img/1x1.trans.gif
English Cocker Spaniel,https://www.akc.org/wp-content/uploads/2017/11/English-Cocker-Spaniel-Slide03-400x267.jpg
English Foxhound,https://www.akc.org/wp-content/uploads/2017/11/English-Foxhound-standing-in-a-field-400x267.jpg
English Setter,https://www.akc.org/wp-content/uploads/2017/11/English-Setter-standing-in-a-field-400x267.jpg
English Springer Spaniel,https://www.akc.org/wp-content/uploads/2017/11/English-Springer-Spaniel-On-White-011-400x267.jpg
English Toy Spaniel,https://www.akc.org/wp-content/uploads/2017/11/English-Toy-Spaniel-On-White-01-400x267.jpg
Entlebucher Mountain Dog,https://www.akc.org/wp-content/uploads/2017/11/Entlebucher-Mountain-Dog-outdoors-standing-in-a-field-400x267.jpg
Estrela Mountain Dog,https://www.akc.org/wp-content/uploads/2017/11/Beau-400x267.jpg
Eurasier,https://www.akc.org/wp-content/uploads/2017/11/Eurasier.1-400x267.jpg
Field Spaniel,https://s3.amazonaws.com/cdn-origin-etr.akc.org/wp-content/uploads/2017/11/10115409/Field-Spaniels-of-different-colors-sitting-together-outdoors-400x267.jpg
Finnish Lapphund,https://www.akc.org/wp-content/uploads/2017/11/Finnish-Lapphund-lying-on-a-snow-covered-road-400x267.jpg
Finnish Spitz,https://www.akc.org/wp-content/uploads/2017/11/Finnish-Spitz-On-White-01-400x267.jpg
Flat-Coated Retriever,https://www.akc.org/wp-content/uploads/2017/11/Flat-Coated-Retrievers-sitting-outdoors-400x267.jpg
French Bulldog,https://www.akc.org/wp-content/uploads/2017/11/French-Bulldog-standing-outdoors-400x267.jpg
French Spaniel,https://www.akc.org/wp-content/uploads/2017/11/French-Spaniel-Gallery-01-400x267.jpg
German Longhaired Pointer,https://www.akc.org/wp-content/uploads/2017/11/German-Longhaired-Pointer-on-White-01-400x267.jpg
German Pinscher,https://s3.amazonaws.com/cdn-origin-etr.akc.org/wp-content/uploads/2017/11/20183655/German-Pinscher-standing-near-a-lake-400x267.jpg
German Shepherd Dog,https://www.akc.org/wp-content/uploads/2017/11/German-Shepherd-on-White-00-400x267.jpg
German Shorthaired Pointer,https://www.akc.org/wp-content/uploads/2017/11/German-Shorthaired-Pointer-On-White-07-400x267.jpg
German Spitz,https://s3.amazonaws.com/cdn-origin-etr.akc.org/wp-content/uploads/2017/11/24152054/German-Spitz-standing-in-profile-outdoors-400x267.jpg
German Wirehaired Pointer,https://www.akc.org/wp-content/uploads/2017/11/German-Wirehaired-Pointer-standing-in-a-green-grassy-field-400x267.jpg
Giant Schnauzer,https://www.akc.org/wp-content/uploads/2017/11/Giant-Schanuzer-standing-in-a-field-400x267.jpg
Glen of Imaal Terrier,https://www.akc.org/wp-content/uploads/2017/11/Glen-of-Imaal-Terrier-On-White-01-400x267.jpg
Golden Retriever,https://www.akc.org/wp-content/uploads/2017/11/Golden-Retriever-wading-into-a-lake-400x267.jpg
Gordon Setter,https://www.akc.org/wp-content/uploads/2017/11/Gordon-Setter.3-400x267.jpg
Grand Basset Griffon VendÃ©en,https://www.akc.org/wp-content/uploads/2017/11/GBGV.2-400x267.jpg
Great Dane,https://www.akc.org/wp-content/uploads/2017/11/Great-Dane-On-White-01-400x267.jpg
Great Pyrenees,https://www.akc.org/wp-content/uploads/2017/11/Great-Pyrenees-on-White-04-400x267.jpg
Greater Swiss Mountain Dog,https://www.akc.org/wp-content/uploads/2017/11/Greater-Swiss-Mountain-Dog-laying-down-in-the-grass-400x267.jpg
Greyhound,https://www.akc.org/wp-content/uploads/2017/11/Greyhound-running-400x267.jpg
Hamiltonstovare,https://www.akc.org/wp-content/uploads/2017/11/Hamiltonstovare-on-White-011-400x267.jpg
Hanoverian Scenthound,https://www.akc.org/wp-content/uploads/2017/11/Hanoverian-Scenthound.1-400x267.jpg
Harrier,https://www.akc.org/wp-content/uploads/2017/11/Harrier3-400x267.jpg
Havanese,https://www.akc.org/wp-content/uploads/2017/11/Havanese-standing-outdoors-400x267.jpg
Hokkaido,https://www.akc.org/wp-content/uploads/2017/11/Hokkaido.1-400x267.jpg
Hovawart,https://www.akc.org/wp-content/uploads/2017/11/Hovawart.10-400x267.jpg
Ibizan Hound,https://www.akc.org/wp-content/uploads/2017/11/Ibizan-Hound-sitting-in-profile-in-the-desert-400x267.jpg
Icelandic Sheepdog,https://www.akc.org/wp-content/themes/akc/component-library/assets/img/1x1.trans.gif
Irish Red and White Setter,https://www.akc.org/wp-content/themes/akc/component-library/assets/img/1x1.trans.gif
Irish Setter,https://www.akc.org/wp-content/themes/akc/component-library/assets/img/1x1.trans.gif
Irish Terrier,https://www.akc.org/wp-content/uploads/2017/11/Irish-Terriers-sitting-together-400x267.jpg
Irish Water Spaniel,https://www.akc.org/wp-content/uploads/2017/11/Irish-Water-Spaniel-On-White-01-400x267.jpg
Irish Wolfhound,https://www.akc.org/wp-content/uploads/2017/11/Irish-Wolfhound-standing-in-a-field-400x267.jpg
Italian Greyhound,https://www.akc.org/wp-content/uploads/2017/11/Two-Italian-Greyhounds-400x267.jpg
Jagdterrier,https://www.akc.org/wp-content/uploads/2017/11/Jagdterrier.4-400x267.jpg
Japanese Chin,https://www.akc.org/wp-content/uploads/2017/11/Japanese-Chin-standing-outdoors-400x267.jpg
Japanese Spitz,https://www.akc.org/wp-content/uploads/2019/06/Japanese-Spitz.4-400x267.jpg
Jindo,https://www.akc.org/wp-content/uploads/2017/11/Jindo-standing-in-the-yard-400x267.jpg
Kai Ken,https://s3.amazonaws.com/cdn-origin-etr.akc.org/wp-content/uploads/2017/11/04173549/Kai-Ken-standing-in-profile-outdoors-400x267.jpg
Karelian Bear Dog,https://www.akc.org/wp-content/uploads/2017/11/Karelian-Bear-Dog-400x267.jpg
Keeshond,https://www.akc.org/wp-content/uploads/2017/11/Keeshond-exploring-in-the-backyard-400x267.jpg
Kerry Blue Terrier,https://www.akc.org/wp-content/uploads/2017/11/Kerry-Blue-Terrier-standing-stacked-outdoors-400x267.jpg
Kishu Ken,https://s3.amazonaws.com/cdn-origin-etr.akc.org/wp-content/uploads/2017/11/29120141/Kishu-Ken-standing-in-the-brush-at-sunset-400x267.jpg
Komondor,https://www.akc.org/wp-content/uploads/2017/11/Komondor-standing-in-the-park-400x267.jpg
Kromfohrlander,https://www.akc.org/wp-content/uploads/2017/11/Kromfohrlander.6-400x267.jpg
Kuvasz,https://www.akc.org/wp-content/uploads/2017/11/Kuvasz-standing-outdoors-400x267.jpg
Labrador Retriever,https://www.akc.org/wp-content/uploads/2017/11/Labrador-Retrievers-three-colors-400x267.jpg
Lagotto Romagnolo,https://www.akc.org/wp-content/uploads/2017/11/Lagotto-Romagnolo-standing-by-a-pond-400x267.jpg
Lakeland Terrier,https://www.akc.org/wp-content/uploads/2017/11/Lakeland-Terrier-standing-stacked-outdoors-400x267.jpg
Lancashire Heeler,https://www.akc.org/wp-content/uploads/2017/11/Lancashire-heeler.1-400x267.jpg
Lapponian Herder,https://s3.amazonaws.com/cdn-origin-etr.akc.org/wp-content/uploads/2017/11/31115114/Lapponian-Herders-standing-together-in-the-shallows-400x267.jpg
Leonberger,https://www.akc.org/wp-content/uploads/2017/11/Leonberger-standing-in-a-field-400x267.jpg
Lhasa Apso,https://www.akc.org/wp-content/uploads/2017/11/Lhasa-Apso-On-White-01-400x267.jpg
LÃ¶wchen,https://www.akc.org/wp-content/uploads/2017/11/Lowchen-at-the-AKC-National-Championship-presented-by-Royal-Canin-400x267.jpg
Maltese,https://www.akc.org/wp-content/uploads/2017/11/Maltese-laying-down-in-a-chair-400x267.jpg
Manchester Terrier (Standard),https://www.akc.org/wp-content/uploads/2017/11/Manchester-Terrier-Standard-on-White-08-400x267.jpg
Manchester Terrier (Toy),https://www.akc.org/wp-content/uploads/2018/04/Manchester-Terrier-Slide-01-400x267.jpg
Mastiff,https://www.akc.org/wp-content/uploads/2017/11/Mastiff-On-White-03-400x267.jpg
Miniature American Shepherd,https://www.akc.org/wp-content/uploads/2017/11/Miniature-American-Shepherd-On-White-01-400x267.jpg
Miniature Bull Terrier,https://www.akc.org/wp-content/uploads/2017/11/Miniature-Bull-Terrier-standing-outdoors-400x267.jpg
Miniature Pinscher,https://www.akc.org/wp-content/uploads/2017/11/Miniature-Pinscher-standing-in-three-quarter-view-400x267.jpg
Miniature Schnauzer,https://www.akc.org/wp-content/uploads/2017/11/Miniature-Schnauzer-On-White-01-400x267.jpg
Mountain Cur,https://www.akc.org/wp-content/uploads/2017/11/Mountain-Cur-MP-400x267.jpg
Mudi,https://www.akc.org/wp-content/themes/akc/component-library/assets/img/1x1.trans.gif
Neapolitan Mastiff,https://www.akc.org/wp-content/themes/akc/component-library/assets/img/1x1.trans.gif
Nederlandse Kooikerhondje,https://www.akc.org/wp-content/themes/akc/component-library/assets/img/1x1.trans.gif
Newfoundland,https://www.akc.org/wp-content/uploads/2017/11/Newfoundland-standing-outdoors-400x267.jpg
Norfolk Terrier,https://www.akc.org/wp-content/uploads/2017/11/Norfolk-Terrier-sitting-in-the-grass.1-400x267.jpg
Norrbottenspets,https://www.akc.org/wp-content/uploads/2017/11/Norrbottenspets-On-White-01-400x267.jpg
Norwegian Buhund,https://www.akc.org/wp-content/uploads/2017/11/Norwegian-Buhund-On-White-01-400x267.jpg
Norwegian Elkhound,https://www.akc.org/wp-content/uploads/2017/11/Norwegian-Elkhound-sitting-in-the-snow-looking-back-over-its-shoulder-400x267.jpg
Norwegian Lundehund,https://s3.amazonaws.com/cdn-origin-etr.akc.org/wp-content/uploads/2017/11/08125010/Norwegian-Lundehund-standing-in-the-grass-400x267.jpg
Norwich Terrier,https://www.akc.org/wp-content/uploads/2017/11/Norwich-Terrier-standing-outdoors-400x267.jpg
Nova Scotia Duck Tolling Retriever,https://www.akc.org/wp-content/uploads/2017/11/Nova-Scotia-Duck-Tolling-Retriever-slide1-400x267.jpg
Old English Sheepdog,https://www.akc.org/wp-content/uploads/2017/11/Old-English-Sheepdogs-on-white-02-400x267.jpg
Otterhound,https://www.akc.org/wp-content/themes/akc/component-library/assets/img/1x1.trans.gif
Papillon,https://www.akc.org/wp-content/themes/akc/component-library/assets/img/1x1.trans.gif
Parson Russell Terrier,https://www.akc.org/wp-content/themes/akc/component-library/assets/img/1x1.trans.gif
Pekingese,https://www.akc.org/wp-content/uploads/2017/11/Pekingese-standing-in-the-grass-400x267.jpg
Pembroke Welsh Corgi,https://www.akc.org/wp-content/uploads/2017/11/Pembroke-Welsh-Corgi-standing-outdoors-in-the-fall-400x267.jpg
Perro de Presa Canario,https://www.akc.org/wp-content/uploads/2017/11/Perro-de-Presa-Canario.1-400x267.jpg
Peruvian Inca Orchid,https://www.akc.org/wp-content/uploads/2017/11/Peruvian-Inca-Orchid-04-400x267.jpg
Petit Basset Griffon VendÃ©en,https://www.akc.org/wp-content/uploads/2017/11/Petit-Basset-Griffon-Vendeen-On-White-03-400x267.jpg
Pharaoh Hound,https://www.akc.org/wp-content/uploads/2017/11/Pharaoh-Hound-laying-down-in-profile-400x267.jpg
Plott Hound,https://www.akc.org/wp-content/uploads/2017/11/IMG_8947-400x267.jpg
Pointer,https://www.akc.org/wp-content/uploads/2017/11/Pointer.4-400x267.jpg
Polish Lowland Sheepdog,https://www.akc.org/wp-content/uploads/2017/11/Polish-Lowland-Sheepdog-On-White-02-400x267.jpg
Pomeranian,https://www.akc.org/wp-content/themes/akc/component-library/assets/img/1x1.trans.gif
Poodle (Miniature),https://www.akc.org/wp-content/themes/akc/component-library/assets/img/1x1.trans.gif
Poodle (Standard),https://s3.amazonaws.com/cdn-origin-etr.akc.org/wp-content/uploads/2017/11/24134701/Standard-Poodle-standing-outdoors-at-the-beach-400x267.jpg
Poodle (Toy),https://www.akc.org/wp-content/uploads/2018/04/Toy-Poodle-on-White-02-400x267.jpg
Porcelaine,https://www.akc.org/wp-content/uploads/2017/11/Porcelaine.4-400x267.jpg
Portuguese Podengo,https://www.akc.org/wp-content/uploads/2017/11/Portuguese-Podengo-standing-in-three-quarter-view-400x267.jpg
Portuguese Podengo Pequeno,https://www.akc.org/wp-content/uploads/2017/11/PPP-on-white-400x267.jpg
Portuguese Pointer,https://www.akc.org/wp-content/uploads/2017/11/Portuguese-Pointer-on-White-01-1-400x267.jpg
Portuguese Sheepdog,https://www.akc.org/wp-content/uploads/2017/11/Black-Portuguese-Sheepdog-standing-outdoors-in-the-grass-400x267.jpg
Portuguese Water Dog,https://www.akc.org/wp-content/uploads/2017/11/Portuguese-Water-Dog-standing-in-profile-outdoors-400x267.jpg
Pudelpointer,https://www.akc.org/wp-content/uploads/2017/11/Pudelpointer-standing-in-a-field-400x267.jpg
Pug,https://www.akc.org/wp-content/uploads/2017/11/Pug-On-White-01-400x267.jpg
Puli,https://www.akc.org/wp-content/uploads/2017/11/Puli-sitting-in-a-field-400x267.jpg
Pumi,https://www.akc.org/wp-content/uploads/2017/11/Pumi-standing-outdoors-in-the-countryside-400x267.jpg
Pyrenean Mastiff,https://www.akc.org/wp-content/uploads/2017/11/Pyrenean-Mastiff-On-White-01-400x267.jpg
Pyrenean Shepherd,https://www.akc.org/wp-content/uploads/2017/11/Pyrenean-Shepherd-standing-in-profile-in-a-field-400x267.jpg
Rafeiro do Alentejo,https://s3.amazonaws.com/cdn-origin-etr.akc.org/wp-content/uploads/2017/11/20180609/Rafeiro-do-Alentejo-standing-outdoors-in-a-field-1-400x267.jpg
Rat Terrier,https://www.akc.org/wp-content/uploads/2017/11/Rat-Terrier-On-White-01-400x267.jpg
Redbone Coonhound,https://www.akc.org/wp-content/uploads/2017/11/Redbone-Coonhound-400x267.jpg
Rhodesian Ridgeback,https://www.akc.org/wp-content/uploads/2017/11/Rhodesian-Ridgeback-standing-in-profile-outdoors-400x267.jpg
Romanian Mioritic Shepherd Dog,https://www.akc.org/wp-content/themes/akc/component-library/assets/img/1x1.trans.gif
Rottweiler,https://www.akc.org/wp-content/themes/akc/component-library/assets/img/1x1.trans.gif
Russell Terrier,https://www.akc.org/wp-content/uploads/2017/11/Russell-Terrier-On-White-03-400x267.jpg
Russian Toy,https://www.akc.org/wp-content/uploads/2017/11/Russian-Toy.4-400x267.jpg
Russian Tsvetnaya Bolonka,https://www.akc.org/wp-content/uploads/2017/11/Russian-Tsvetnaya-Bolonka-standing-on-a-white-background-400x267.jpg
Saint Bernard,https://www.akc.org/wp-content/uploads/2017/11/Saint-Bernard-On-White-01-400x267.jpg
Saluki,https://www.akc.org/wp-content/uploads/2017/11/AKC-121716-139-400x267.jpg
Samoyed,https://www.akc.org/wp-content/uploads/2017/11/Samoyed-standing-in-the-forest-400x267.jpg
Schapendoes,https://www.akc.org/wp-content/uploads/2017/11/Schapendoes-On-White-01-400x267.jpg
Schipperke,https://www.akc.org/wp-content/uploads/2017/11/Schipperke-On-White-01-400x267.jpg
Scottish Deerhound,https://www.akc.org/wp-content/uploads/2017/11/Scottish-Deerhound-standing-in-the-woods-400x267.jpg
Scottish Terrier,https://www.akc.org/wp-content/uploads/2017/11/Scottish-Terrier-On-White-02-400x267.jpg
Sealyham Terrier,https://www.akc.org/wp-content/uploads/2017/11/Sealyham-Terrier-standing-in-three-quarter-view.1-400x267.jpg
Segugio Italiano,https://www.akc.org/wp-content/uploads/2018/08/Segugio-Italiano-slideshow-08-400x267.jpg
Shetland Sheepdog,https://www.akc.org/wp-content/uploads/2017/11/Shetland-Sheepdog-On-White-01-400x267.jpg
Shiba Inu,https://www.akc.org/wp-content/uploads/2017/11/Shiba-Inu-standing-in-profile-outdoors-400x267.jpg
Shih Tzu,https://www.akc.org/wp-content/uploads/2017/11/Shih-Tzu-On-White-01-400x267.jpg
Shikoku,https://www.akc.org/wp-content/uploads/2017/11/Shikoku-standing-outdoors-400x267.jpg
Siberian Husky,https://www.akc.org/wp-content/uploads/2017/11/Siberian-Husky-standing-outdoors-in-the-winter-400x267.jpg
Silky Terrier,https://www.akc.org/wp-content/uploads/2017/11/Silky-Terrier-On-White-01-400x267.jpg
Skye Terrier,https://www.akc.org/wp-content/uploads/2017/11/Skye-Terrier-standing-outdoors-in-profile-400x267.jpg
Sloughi,https://www.akc.org/wp-content/uploads/2017/11/Sloughi-in-the-desert-400x267.jpg
Slovakian Wirehaired Pointer,https://www.akc.org/wp-content/uploads/2018/07/Slovakian-Wirehaired-Pointer-laying-down-outdoors-400x267.jpg
Slovensky Cuvac,https://www.akc.org/wp-content/uploads/2017/11/Slovensky-Cuvac-standing-outdoors-400x267.jpg
Slovensky Kopov,https://www.akc.org/wp-content/uploads/2017/11/Slovensky-Kopov-On-White-01-400x267.jpg
Small Munsterlander Pointer,https://www.akc.org/wp-content/uploads/2017/11/Munsterlander.5-400x267.jpg
Smooth Fox Terrier,https://www.akc.org/wp-content/uploads/2017/11/Smooth-Fox-Terrier-standing-in-a-field-in-winter-400x267.jpg
Soft Coated Wheaten Terrier,https://www.akc.org/wp-content/uploads/2017/11/Soft-Coated-Wheaten-Terrier-sitting-in-a-field-of-wildflowers-400x267.jpg
Spanish Mastiff,https://www.akc.org/wp-content/uploads/2017/11/Spanish-Mastiff-400x267.jpg
Spanish Water Dog,https://www.akc.org/wp-content/uploads/2017/11/Spanish-Water-Dog-400x267.jpg
Spinone Italiano,https://www.akc.org/wp-content/uploads/2017/11/Spinone-Italiano-On-White-03-400x267.jpg
Stabyhoun,https://www.akc.org/wp-content/uploads/2017/11/AdobeStock_62619970-400x267.jpg
Staffordshire Bull Terrier,https://www.akc.org/wp-content/uploads/2017/11/Staffordshire-Bull-Terrier-On-White-01-400x267.jpg
Standard Schnauzer,https://www.akc.org/wp-content/uploads/2017/11/Standard-Schnauzer-standing-outdoors-400x267.jpg
Sussex Spaniel,https://www.akc.org/wp-content/uploads/2017/11/Sussex-Spaniel-On-White-01-400x267.jpg
Swedish Lapphund,https://www.akc.org/wp-content/uploads/2017/11/Swedish-Lapphund-On-White-01-400x267.jpg
Swedish Vallhund,https://www.akc.org/wp-content/uploads/2017/11/Swedish-Vallhund-running-in-the-grass-400x267.jpg
Taiwan Dog,https://s3.amazonaws.com/cdn-origin-etr.akc.org/wp-content/uploads/2017/11/31115615/Taiwan-Dog-sitting-in-the-park-400x267.jpg
Teddy Roosevelt Terrier,https://www.akc.org/wp-content/uploads/2017/11/Teddy-Roosevelt-Terrier-on-White-01-400x267.jpg
Thai Ridgeback,https://www.akc.org/wp-content/uploads/2017/11/Thai-Ridgeback.4-400x267.jpg
Tibetan Mastiff,https://www.akc.org/wp-content/uploads/2017/11/Tibetan-Mastiff-laying-down-outdoors-400x267.jpg
Tibetan Spaniel,https://www.akc.org/wp-content/uploads/2017/11/Tibetan-Spaniel-laying-down-outdoors-400x267.jpg
Tibetan Terrier,https://www.akc.org/wp-content/uploads/2017/11/Tibetan-Terrier-On-White-01-400x267.jpg
Tornjak,https://www.akc.org/wp-content/uploads/2017/11/Tornjak-standing-in-the-woods-400x267.jpg
Tosa,https://www.akc.org/wp-content/uploads/2017/11/Tosa-on-White-01-400x267.jpg
Toy Fox Terrier,https://www.akc.org/wp-content/uploads/2017/11/Toy-Fox-Terrier-standing-portrait-400x267.jpg
Transylvanian Hound,https://www.akc.org/wp-content/uploads/2017/11/Transylvanian-Hound-On-White-01-400x267.jpg
Treeing Tennessee Brindle,https://www.akc.org/wp-content/uploads/2017/11/Treeing-Tennessee-Brindle-on-White-01-400x267.jpg
Treeing Walker Coonhound,https://www.akc.org/wp-content/uploads/2017/11/Treeing-Walker-Coonhound-400x267.jpg
Vizsla,https://www.akc.org/wp-content/uploads/2017/11/Vizsla-On-White-01-400x267.jpg
Weimaraner,https://www.akc.org/wp-content/uploads/2017/11/Weimaraner-running-into-water-400x267.jpg
Welsh Springer Spaniel,https://www.akc.org/wp-content/uploads/2017/11/Welsh-Springer-Spaniel-head-portrait-outdoors-400x267.jpg
Welsh Terrier,https://www.akc.org/wp-content/uploads/2017/11/Welsh-Terrier-standing-stacked-in-the-grass-400x267.jpg
West Highland White Terrier,https://www.akc.org/wp-content/uploads/2017/11/West-Highland-White-Terrier-laying-down-in-the-grass-400x267.jpg
Wetterhoun,https://www.akc.org/wp-content/themes/akc/component-library/assets/img/1x1.trans.gif
Whippet,https://www.akc.org/wp-content/themes/akc/component-library/assets/img/1x1.trans.gif
Wire Fox Terrier,https://www.akc.org/wp-content/themes/akc/component-library/assets/img/1x1.trans.gif
Wirehaired Pointing Griffon,https://www.akc.org/wp-content/themes/akc/component-library/assets/img/1x1.trans.gif
Wirehaired Vizsla,https://www.akc.org/wp-content/themes/akc/component-library/assets/img/1x1.trans.gif
Working Kelpie,https://www.akc.org/wp-content/themes/akc/component-library/assets/img/1x1.trans.gif
Xoloitzcuintli,https://www.akc.org/wp-content/themes/akc/component-library/assets/img/1x1.trans.gif
Yakutian Laika,https://www.akc.org/wp-content/themes/akc/component-library/assets/img/1x1.trans.gif
Yorkshire Terrier,https://www.akc.org/wp-content/themes/akc/component-library/assets/img/1x1.trans.gif
